Redirect 301 "non-beings/" "https://hpfan.schierer.org/Harrypedia/non-beings/"
Redirect 301 "non-beings/Dementor/" "https://hpfan.schierer.org/Harrypedia/non-beings/Dementor/"
Redirect 301 "non-beings/Banshee/" "https://hpfan.schierer.org/Harrypedia/non-beings/Banshee/"
Redirect 301 "non-beings/Boggart/" "https://hpfan.schierer.org/Harrypedia/non-beings/Boggart/"
Redirect 301 "non-beings/Poltergeist/" "https://hpfan.schierer.org/Harrypedia/non-beings/Poltergeist/"
Redirect 301 "beings/vampire/" "https://hpfan.schierer.org/Harrypedia/non-beings/vampire/"
Redirect 301 "beings/" "https://hpfan.schierer.org/Harrypedia/beings/"
Redirect 301 "beings/manticore/" "https://hpfan.schierer.org/Harrypedia/beings/manticore/"
Redirect 301 "beings/centaur/" "https://hpfan.schierer.org/Harrypedia/beings/centaur/"
Redirect 301 "beings/hags/" "https://hpfan.schierer.org/Harrypedia/beings/hags/"
Redirect 301 "beings/giant/" "https://hpfan.schierer.org/Harrypedia/beings/giant/"
Redirect 301 "Allowing_Riddle/" "https://hpfan.schierer.org/Harrypedia/Allowing_Riddle"
Redirect 301 "balance/" "https://hpfan.schierer.org/Harrypedia/balance"
Redirect 301 "Magic/" "https://hpfan.schierer.org/Harrypedia/Magic/"
Redirect 301 "animals/manticore/" "https://hpfan.schierer.org/Harrypedia/animals/manticore"
Redirect 301 "adults/Riddle/" "https://hpfan.schierer.org/Harrypedia/people/Riddle/Tom_Marvolo"
Redirect 301 "adults/McGonagall/" "https://hpfan.schierer.org/Harrypedia/people/McGonagall/Minerva/"
Redirect 301 "Ron/" "https://hpfan.schierer.org/Harrypedia/people/Weasley/Ronald_Bilius/"
Redirect 301 "Hogwarts/" "https://hpfan.schierer.org/Harrypedia/Hogwarts/"
Redirect 301 "Hogwarts/Class_Schedule_Rant/" "https://hpfan.schierer.org/Harrypedia/Class_Schedule_Rant/"
Redirect 301 "Hogwarts/Bathrooms/" "https://hpfan.schierer.org/Harrypedia/Bathrooms/"
Redirect 301 "Hogwarts/Class_and_House_Structure/" "https://hpfan.schierer.org/Harrypedia/Hogwarts/"
